timestamp,open,high,low,close,volume
2018-01-02 00:00:00-05:00,170.16,172.3,169.26,172.26,25555934.0
2018-01-03 00:00:00-05:00,172.53,174.55,171.96,172.23,29495399.0
2018-01-04 00:00:00-05:00,172.54,173.47,172.08,173.03,22434597.0
2018-01-05 00:00:00-05:00,173.44,175.37,173.05,175.0,23660018.0
2018-01-08 00:00:00-05:00,174.35,175.61,173.93,174.35,20567766.0
2018-01-09 00:00:00-05:00,174.55,175.06,173.41,174.33,21583997.0
2018-01-10 00:00:00-05:00,173.16,174.3,173.0,174.29,23959895.0
2018-01-11 00:00:00-05:00,174.59,175.4886,174.49,175.28,18667729.0
2018-01-12 00:00:00-05:00,176.18,177.36,175.65,177.09,24203080.0
2018-01-16 00:00:00-05:00,177.9,179.39,176.14,176.19,29531947.0
2018-01-17 00:00:00-05:00,176.15,179.25,175.07,179.1,34386836.0
2018-01-18 00:00:00-05:00,179.37,180.1,178.25,179.26,31193352.0
2018-01-19 00:00:00-05:00,178.61,179.58,177.41,178.46,32425067.0
2018-01-22 00:00:00-05:00,177.3,177.78,176.602,177.0,27108551.0
2018-01-23 00:00:00-05:00,177.3,179.44,176.82,177.04,32689146.0
2018-01-24 00:00:00-05:00,177.25,177.3,173.2,174.22,51105080.0
2018-01-25 00:00:00-05:00,174.505,174.95,170.53,171.11,41529004.0
2018-01-26 00:00:00-05:00,172.0,172.0,170.06,171.51,39124511.0
2018-01-29 00:00:00-05:00,170.16,170.16,167.07,167.96,50640406.0
2018-01-30 00:00:00-05:00,165.525,167.37,164.7,166.97,46048185.0
2018-01-31 00:00:00-05:00,166.87,168.4417,166.5,167.43,32478930.0
2018-02-01 00:00:00-05:00,167.165,168.62,166.76,167.78,47230787.0
2018-02-02 00:00:00-05:00,166.0,166.8,160.1,160.5,86593825.0
2018-02-05 00:00:00-05:00,159.1,163.88,156.0,156.49,72738522.0
2018-02-06 00:00:00-05:00,154.83,163.72,154.0,163.03,68218838.0
2018-02-07 00:00:00-05:00,163.085,163.4,159.0685,159.54,51608580.0
2018-02-08 00:00:00-05:00,160.29,161.0,155.03,155.15,54390516.0
2018-02-09 00:00:00-05:00,157.07,157.89,150.24,156.41,70422608.0
2018-02-12 00:00:00-05:00,158.5,163.89,157.51,162.71,60219539.0
2018-02-13 00:00:00-05:00,161.95,164.75,161.65,164.34,32549163.0
2018-02-14 00:00:00-05:00,163.045,167.54,162.88,167.37,40628533.0
2018-02-15 00:00:00-05:00,169.79,173.09,169.0,172.99,51147171.0
2018-02-16 00:00:00-05:00,172.36,174.82,171.77,172.43,40161891.0
2018-02-20 00:00:00-05:00,172.05,174.26,171.42,171.85,33930540.0
2018-02-21 00:00:00-05:00,172.83,174.12,171.01,171.07,37471623.0
2018-02-22 00:00:00-05:00,171.8,173.95,171.71,172.5,30989840.0
2018-02-23 00:00:00-05:00,173.67,175.65,173.54,175.5,33812360.0
2018-02-26 00:00:00-05:00,176.35,179.39,176.21,178.97,38124174.0
2018-02-27 00:00:00-05:00,179.1,180.48,178.16,178.39,38910625.0
2018-02-28 00:00:00-05:00,179.26,180.615,178.05,178.12,37782138.0
2018-03-01 00:00:00-05:00,178.54,179.775,172.66,175.0,48801970.0
2018-03-02 00:00:00-05:00,172.8,176.3,172.45,176.21,38453950.0
2018-03-05 00:00:00-05:00,175.21,177.74,174.52,176.82,28401366.0
2018-03-06 00:00:00-05:00,177.91,178.25,176.13,176.67,23788506.0
2018-03-07 00:00:00-05:00,174.94,175.85,174.27,175.03,31703462.0
2018-03-08 00:00:00-05:00,175.48,177.12,175.07,176.94,23774107.0
2018-03-09 00:00:00-05:00,177.96,180.0,177.39,179.98,32160162.0
2018-03-12 00:00:00-04:00,180.29,182.39,180.21,181.72,32205731.0
2018-03-13 00:00:00-04:00,182.59,183.5,179.24,179.97,31693529.0
2018-03-14 00:00:00-04:00,180.32,180.52,177.81,178.44,29368356.0
2018-03-15 00:00:00-04:00,178.5,180.24,178.0701,178.65,22743798.0
2018-03-16 00:00:00-04:00,178.65,179.12,177.62,178.02,39404688.0
2018-03-19 00:00:00-04:00,177.32,177.47,173.66,175.3,33441771.0
2018-03-20 00:00:00-04:00,175.24,176.8,174.94,175.24,19632400.0
2018-03-21 00:00:00-04:00,175.04,175.09,171.26,171.27,37054935.0
2018-03-22 00:00:00-04:00,170.0,172.68,168.6,168.85,41390767.0
2018-03-23 00:00:00-04:00,168.39,169.92,164.94,164.94,41028784.0
2018-03-26 00:00:00-04:00,168.07,173.1,166.44,172.77,37541236.0
2018-03-27 00:00:00-04:00,173.68,175.15,166.92,168.34,40922579.0
2018-03-28 00:00:00-04:00,167.25,170.02,165.19,166.48,40608545.0
2018-03-29 00:00:00-04:00,167.805,171.75,166.9,167.78,38398505.0
2018-04-02 00:00:00-04:00,167.88,168.94,164.47,166.68,37536191.0
2018-04-03 00:00:00-04:00,167.64,168.7455,164.88,168.39,30278046.0
2018-04-04 00:00:00-04:00,164.88,172.01,164.77,171.61,34605489.0
2018-04-05 00:00:00-04:00,172.58,174.2304,172.08,172.8,26894197.0
2018-04-06 00:00:00-04:00,170.97,172.48,168.2,168.38,35005290.0
2018-04-09 00:00:00-04:00,169.88,173.09,169.845,170.05,29017718.0
2018-04-10 00:00:00-04:00,173.0,174.0,171.53,173.25,28614241.0
2018-04-11 00:00:00-04:00,172.23,173.9232,171.7,172.44,22431640.0
2018-04-12 00:00:00-04:00,173.41,175.0,173.04,174.14,22889285.0
2018-04-13 00:00:00-04:00,174.78,175.84,173.85,174.73,25124255.0
2018-04-16 00:00:00-04:00,175.0301,176.19,174.8301,175.82,21578420.0
2018-04-17 00:00:00-04:00,176.49,178.9365,176.41,178.24,26605442.0
2018-04-18 00:00:00-04:00,177.81,178.82,176.88,177.84,20754538.0
2018-04-19 00:00:00-04:00,174.95,175.39,172.66,172.8,34808800.0
2018-04-20 00:00:00-04:00,170.595,171.2184,165.43,165.72,65491140.0
2018-04-23 00:00:00-04:00,166.8348,166.92,164.09,165.24,36512977.0
2018-04-24 00:00:00-04:00,165.67,166.33,161.2201,162.94,33692017.0
2018-04-25 00:00:00-04:00,162.62,165.42,162.41,163.65,28382084.0
2018-04-26 00:00:00-04:00,164.12,165.73,163.37,164.22,27963014.0
2018-04-27 00:00:00-04:00,164.0,164.33,160.63,162.32,35655839.0
2018-04-30 00:00:00-04:00,162.1302,167.26,161.84,165.26,42427424.0
2018-05-01 00:00:00-04:00,166.4102,169.2,165.27,169.1,53569376.0
2018-05-02 00:00:00-04:00,175.225,177.75,173.8,176.57,66539371.0
2018-05-03 00:00:00-04:00,175.88,177.5,174.4411,176.89,34068180.0
2018-05-04 00:00:00-04:00,178.25,184.25,178.17,183.83,56201317.0
2018-05-07 00:00:00-04:00,185.18,187.67,184.75,185.16,42451423.0
2018-05-08 00:00:00-04:00,184.99,186.22,183.665,186.05,28402777.0
2018-05-09 00:00:00-04:00,186.55,187.4,185.22,187.36,23211241.0
2018-05-10 00:00:00-04:00,187.74,190.37,187.65,190.04,27989289.0
2018-05-11 00:00:00-04:00,189.49,190.06,187.45,188.59,26112221.0
2018-05-14 00:00:00-04:00,189.01,189.53,187.86,188.15,20730972.0
2018-05-15 00:00:00-04:00,186.78,187.07,185.1,186.44,23695159.0
2018-05-16 00:00:00-04:00,186.07,188.46,186.0,188.18,19183064.0
2018-05-17 00:00:00-04:00,188.0,188.91,186.36,186.99,17294029.0
2018-05-18 00:00:00-04:00,187.19,187.8102,186.13,186.31,18251128.0
2018-05-21 00:00:00-04:00,188.0,189.27,186.9106,187.63,18400787.0
2018-05-22 00:00:00-04:00,188.375,188.88,186.78,187.16,15240704.0
2018-05-23 00:00:00-04:00,186.35,188.5,185.76,188.36,20058415.0
2018-05-24 00:00:00-04:00,188.77,188.84,186.21,188.15,23233975.0
2018-05-25 00:00:00-04:00,188.23,189.65,187.65,188.58,17460963.0
2018-05-29 00:00:00-04:00,187.6,188.75,186.87,187.9,22514075.0
2018-05-30 00:00:00-04:00,187.72,188.0,186.78,187.5,18690547.0
2018-05-31 00:00:00-04:00,187.22,188.23,186.14,186.87,27482793.0
2018-06-01 00:00:00-04:00,187.9912,190.26,187.75,190.24,23442510.0
2018-06-04 00:00:00-04:00,191.635,193.42,191.35,191.83,26266174.0
2018-06-05 00:00:00-04:00,193.065,193.94,192.36,193.31,21565963.0
2018-06-06 00:00:00-04:00,193.63,194.08,191.92,193.98,20533619.0
2018-06-07 00:00:00-04:00,194.14,194.2,192.335,193.46,21328780.0
2018-06-08 00:00:00-04:00,191.17,192.0,189.77,191.7,26656799.0
2018-06-11 00:00:00-04:00,191.35,191.97,190.21,191.23,18308460.0
2018-06-12 00:00:00-04:00,191.385,192.611,191.15,192.28,16911141.0
2018-06-13 00:00:00-04:00,192.42,192.88,190.44,190.7,21638393.0
2018-06-14 00:00:00-04:00,191.55,191.57,190.22,190.8,21610074.0
2018-06-15 00:00:00-04:00,190.03,190.16,188.26,188.84,61719160.0
2018-06-18 00:00:00-04:00,187.88,189.22,187.2,188.74,18484865.0
2018-06-19 00:00:00-04:00,185.14,186.33,183.45,185.69,33578455.0
2018-06-20 00:00:00-04:00,186.35,187.2,185.73,186.5,20628701.0
2018-06-21 00:00:00-04:00,187.25,188.35,184.94,185.46,25711898.0
2018-06-22 00:00:00-04:00,186.12,186.15,184.7,184.92,27200447.0
2018-06-25 00:00:00-04:00,183.4,184.92,180.73,182.17,31663096.0
2018-06-26 00:00:00-04:00,182.99,186.53,182.54,184.43,24569201.0
2018-06-27 00:00:00-04:00,185.2278,187.28,184.03,184.16,25285328.0
2018-06-28 00:00:00-04:00,184.1,186.21,183.8,185.5,17365235.0
2018-06-29 00:00:00-04:00,186.29,187.19,182.91,185.11,22737666.0
2018-07-02 00:00:00-04:00,183.82,187.3,183.42,187.18,17731343.0
2018-07-03 00:00:00-04:00,187.79,187.95,183.54,183.92,13954806.0
2018-07-05 00:00:00-04:00,185.26,186.41,184.28,185.4,16604248.0
2018-07-06 00:00:00-04:00,185.42,188.434,185.2,187.97,17485245.0
2018-07-09 00:00:00-04:00,189.5,190.68,189.3,190.58,19756634.0
2018-07-10 00:00:00-04:00,190.71,191.28,190.1801,190.35,15939149.0
2018-07-11 00:00:00-04:00,188.5,189.7799,187.61,187.88,18831470.0
2018-07-12 00:00:00-04:00,189.53,191.41,189.31,191.03,18041131.0
2018-07-13 00:00:00-04:00,191.08,191.84,190.9,191.33,12519792.0
2018-07-16 00:00:00-04:00,191.52,192.65,190.415,190.91,15043110.0
2018-07-17 00:00:00-04:00,189.75,191.87,189.2,191.45,15534523.0
2018-07-18 00:00:00-04:00,191.78,191.8,189.93,190.4,16393381.0
2018-07-19 00:00:00-04:00,189.69,192.55,189.69,191.88,20286752.0
2018-07-20 00:00:00-04:00,191.78,192.43,190.17,191.44,20520842.0
2018-07-23 00:00:00-04:00,190.68,191.96,189.56,191.61,15989365.0
2018-07-24 00:00:00-04:00,192.45,193.6601,192.05,193.0,18697898.0
2018-07-25 00:00:00-04:00,193.0602,194.85,192.43,194.82,16826483.0
2018-07-26 00:00:00-04:00,194.61,195.96,193.61,194.21,19075964.0
2018-07-27 00:00:00-04:00,194.99,195.19,190.1,190.98,24023972.0
2018-07-30 00:00:00-04:00,191.9,192.2,189.07,189.91,21016035.0
2018-07-31 00:00:00-04:00,190.3,192.14,189.34,190.29,39373038.0
2018-08-01 00:00:00-04:00,199.13,201.76,197.31,201.5,67935641.0
2018-08-02 00:00:00-04:00,200.58,208.38,200.35,207.39,62404012.0
2018-08-03 00:00:00-04:00,207.03,208.74,205.4803,207.99,33447396.0
2018-08-06 00:00:00-04:00,208.0,209.25,207.07,209.07,25425387.0
2018-08-07 00:00:00-04:00,209.32,209.5,206.76,207.11,25587387.0
2018-08-08 00:00:00-04:00,206.05,207.81,204.52,207.25,22525487.0
2018-08-09 00:00:00-04:00,207.28,209.78,207.2,208.88,23470111.0
2018-08-10 00:00:00-04:00,207.36,209.1,206.67,207.53,24611202.0
2018-08-13 00:00:00-04:00,207.7,210.952,207.7,208.87,25890680.0
2018-08-14 00:00:00-04:00,210.155,210.56,208.26,209.75,20748010.0
2018-08-15 00:00:00-04:00,209.22,210.74,208.33,210.24,28807564.0
2018-08-16 00:00:00-04:00,211.75,213.8121,211.47,213.32,28500367.0
2018-08-17 00:00:00-04:00,213.44,217.95,213.16,217.58,35426997.0
2018-08-20 00:00:00-04:00,218.1,219.18,215.11,215.46,30287695.0
2018-08-21 00:00:00-04:00,216.8,217.19,214.025,215.04,26159755.0
2018-08-22 00:00:00-04:00,214.1,216.36,213.84,215.05,19018131.0
2018-08-23 00:00:00-04:00,214.65,217.05,214.6,215.49,18863224.0
2018-08-24 00:00:00-04:00,216.6,216.9,215.11,216.16,18476356.0
2018-08-27 00:00:00-04:00,217.15,218.74,216.33,217.94,20501917.0
2018-08-28 00:00:00-04:00,219.01,220.54,218.92,219.7,22776766.0
2018-08-29 00:00:00-04:00,220.15,223.49,219.41,222.98,27236954.0
2018-08-30 00:00:00-04:00,223.25,228.26,222.4,225.03,48793824.0
2018-08-31 00:00:00-04:00,226.51,228.87,226.21,227.63,43340134.0
2018-09-04 00:00:00-04:00,228.41,229.18,226.63,228.36,27390132.0
2018-09-05 00:00:00-04:00,228.99,229.67,225.1,226.87,33298960.0
2018-09-06 00:00:00-04:00,226.23,227.35,221.3,223.1,34289976.0
2018-09-07 00:00:00-04:00,221.85,225.37,220.71,221.3,37619810.0
2018-09-10 00:00:00-04:00,220.95,221.85,216.47,218.33,39510153.0
2018-09-11 00:00:00-04:00,218.01,224.299,216.56,223.85,35749049.0
2018-09-12 00:00:00-04:00,224.94,225.0,219.84,221.07,49278740.0
2018-09-13 00:00:00-04:00,223.52,228.35,222.57,226.41,41631377.0
2018-09-14 00:00:00-04:00,225.75,226.84,222.522,223.84,31999289.0
2018-09-17 00:00:00-04:00,222.15,222.95,217.27,217.88,37195133.0
2018-09-18 00:00:00-04:00,217.79,221.85,217.12,218.24,31571712.0
2018-09-19 00:00:00-04:00,218.5,219.62,215.3,218.37,27106233.0
2018-09-20 00:00:00-04:00,220.24,222.28,219.15,220.03,26608794.0
2018-09-21 00:00:00-04:00,220.78,221.36,217.29,217.66,96246748.0
2018-09-24 00:00:00-04:00,216.82,221.26,216.63,220.79,27693358.0
2018-09-25 00:00:00-04:00,219.75,222.82,219.7,222.19,24554379.0
2018-09-26 00:00:00-04:00,221.0,223.75,219.76,220.42,23984706.0
2018-09-27 00:00:00-04:00,223.82,226.44,223.54,224.95,30181227.0
2018-09-28 00:00:00-04:00,224.79,225.84,224.02,225.74,22929364.0
2018-10-01 00:00:00-04:00,227.95,229.42,226.35,227.26,23600802.0
2018-10-02 00:00:00-04:00,227.25,230.0,226.63,229.28,24788170.0
2018-10-03 00:00:00-04:00,230.05,233.47,229.78,232.07,28648549.0
2018-10-04 00:00:00-04:00,230.78,232.35,226.73,227.99,32042000.0
2018-10-05 00:00:00-04:00,227.96,228.41,220.58,224.29,33580463.0
2018-10-08 00:00:00-04:00,222.21,224.8,220.2,223.77,29153923.0
2018-10-09 00:00:00-04:00,223.64,227.27,222.2462,226.87,26891029.0
2018-10-10 00:00:00-04:00,225.46,226.35,216.05,216.36,41990554.0
2018-10-11 00:00:00-04:00,214.52,219.5,212.32,214.45,53124392.0
2018-10-12 00:00:00-04:00,220.42,222.88,216.84,222.11,40337851.0
2018-10-15 00:00:00-04:00,221.16,221.83,217.27,217.36,30791007.0
2018-10-16 00:00:00-04:00,218.93,222.99,216.7627,222.15,29183963.0
2018-10-17 00:00:00-04:00,222.3,222.64,219.34,221.19,22885397.0
2018-10-18 00:00:00-04:00,217.86,219.74,213.0,216.02,32581315.0
2018-10-19 00:00:00-04:00,218.06,221.26,217.43,219.31,33077076.0
2018-10-22 00:00:00-04:00,219.79,223.36,218.94,220.65,28771082.0
2018-10-23 00:00:00-04:00,215.83,223.25,214.7,222.73,38767846.0
2018-10-24 00:00:00-04:00,222.6,224.23,214.54,215.09,40925163.0
2018-10-25 00:00:00-04:00,217.71,221.38,216.75,219.8,29855768.0
2018-10-26 00:00:00-04:00,215.9,220.19,212.67,216.3,47258375.0
2018-10-29 00:00:00-04:00,219.19,219.69,206.09,212.24,45935520.0
2018-10-30 00:00:00-04:00,211.15,215.18,209.27,213.3,36659990.0
2018-10-31 00:00:00-04:00,216.88,220.45,216.62,218.86,38358933.0
2018-11-01 00:00:00-04:00,219.05,222.36,216.81,222.22,58323180.0
2018-11-02 00:00:00-04:00,209.55,213.65,205.43,207.48,91328654.0
2018-11-05 00:00:00-05:00,204.3,204.39,198.17,201.59,66163669.0
2018-11-06 00:00:00-05:00,201.92,204.72,201.69,203.77,31882881.0
2018-11-07 00:00:00-05:00,205.97,210.06,204.13,209.95,33424434.0
2018-11-08 00:00:00-05:00,209.98,210.12,206.75,208.49,25362636.0
2018-11-09 00:00:00-05:00,205.55,206.01,202.25,204.47,34365750.0
2018-11-12 00:00:00-05:00,199.0,199.85,193.79,194.17,51135518.0
2018-11-13 00:00:00-05:00,191.63,197.18,191.4501,192.23,46882936.0
2018-11-14 00:00:00-05:00,193.9,194.48,185.93,186.8,60800957.0
2018-11-15 00:00:00-05:00,188.39,191.97,186.9,191.41,46478801.0
2018-11-16 00:00:00-05:00,190.5,194.9695,189.46,193.53,36928253.0
2018-11-19 00:00:00-05:00,190.0,190.7,184.99,185.86,41919608.0
2018-11-20 00:00:00-05:00,178.37,181.47,175.51,176.98,67821847.0
2018-11-21 00:00:00-05:00,179.73,180.27,176.55,176.78,31124210.0
2018-11-23 00:00:00-05:00,174.94,176.595,172.1,172.29,23623972.0
2018-11-26 00:00:00-05:00,174.24,174.95,170.26,174.62,44998520.0
2018-11-27 00:00:00-05:00,171.51,174.77,170.88,174.24,41387377.0
2018-11-28 00:00:00-05:00,176.73,181.29,174.93,180.94,46062539.0
2018-11-29 00:00:00-05:00,182.66,182.8,177.7,179.55,41769992.0
2018-11-30 00:00:00-05:00,180.29,180.33,177.03,178.58,39523549.0
2018-12-03 00:00:00-05:00,184.46,184.94,181.21,184.82,40798002.0
2018-12-04 00:00:00-05:00,180.95,182.3899,176.27,176.69,41344282.0
2018-12-06 00:00:00-05:00,171.76,174.78,170.42,174.72,43088210.0
2018-12-07 00:00:00-05:00,173.49,174.49,168.3,168.49,42281631.0
2018-12-10 00:00:00-05:00,165.0,170.09,163.33,169.6,62025994.0
2018-12-11 00:00:00-05:00,171.66,171.79,167.0,168.63,47281665.0
2018-12-12 00:00:00-05:00,170.4,171.92,169.02,169.1,35627659.0
2018-12-13 00:00:00-05:00,170.49,172.57,169.55,170.95,31897827.0
2018-12-14 00:00:00-05:00,169.0,169.08,165.28,165.48,40669410.0
2018-12-17 00:00:00-05:00,165.45,168.35,162.73,163.94,44222022.0
2018-12-18 00:00:00-05:00,165.38,167.53,164.39,166.07,33841518.0
2018-12-19 00:00:00-05:00,166.0,167.45,159.09,160.89,49047297.0
2018-12-20 00:00:00-05:00,160.4,162.11,155.3,156.83,64772960.0
2018-12-21 00:00:00-05:00,156.86,158.16,149.63,150.73,95744384.0
2018-12-24 00:00:00-05:00,148.15,151.55,146.59,146.83,37154232.0
2018-12-26 00:00:00-05:00,148.3,157.23,146.72,157.17,58582544.0
2018-12-27 00:00:00-05:00,155.84,156.77,150.07,156.15,53117065.0
2018-12-28 00:00:00-05:00,157.5,158.52,154.55,156.23,42291424.0
2018-12-31 00:00:00-05:00,158.53,159.36,156.48,157.74,35003466.0
2019-01-02 00:00:00-05:00,154.89,158.85,154.23,157.92,37039737.0
2019-01-03 00:00:00-05:00,143.98,145.72,142.0,142.19,91312195.0
2019-01-04 00:00:00-05:00,144.53,148.5499,143.8,148.26,58571070.0
2019-01-07 00:00:00-05:00,148.7,148.83,145.9,147.93,54777764.0
2019-01-08 00:00:00-05:00,149.56,151.82,148.52,150.75,41025314.0
2019-01-09 00:00:00-05:00,151.29,154.53,149.63,153.31,45099081.0
2019-01-10 00:00:00-05:00,152.5,153.97,150.86,153.8,35780670.0
2019-01-11 00:00:00-05:00,152.88,153.7,151.51,152.29,27020707.0
2019-01-14 00:00:00-05:00,150.85,151.27,149.22,150.0,32439186.0
2019-01-15 00:00:00-05:00,150.27,153.39,150.05,153.07,28710324.0
2019-01-16 00:00:00-05:00,153.08,155.88,153.0,154.94,30569706.0
2019-01-17 00:00:00-05:00,154.2,157.66,153.26,155.86,29821160.0
2019-01-18 00:00:00-05:00,157.5,157.88,155.9806,156.82,33751023.0
2019-01-22 00:00:00-05:00,156.41,156.73,152.62,153.3,30393970.0
2019-01-23 00:00:00-05:00,154.15,155.14,151.7,153.92,23130570.0
2019-01-24 00:00:00-05:00,154.11,154.48,151.74,152.7,25441549.0
2019-01-25 00:00:00-05:00,155.48,158.13,154.32,157.76,33408893.0
2019-01-28 00:00:00-05:00,155.79,156.33,153.66,156.3,26192058.0
2019-01-29 00:00:00-05:00,156.25,158.13,154.11,154.68,41587239.0
2019-01-30 00:00:00-05:00,163.25,166.15,160.23,165.25,61084280.0
2019-01-31 00:00:00-05:00,166.11,169.0,164.56,166.44,40739649.0
2019-02-01 00:00:00-05:00,166.96,168.98,165.93,166.52,32611838.0
2019-02-04 00:00:00-05:00,167.41,171.655,167.28,171.25,31495582.0
2019-02-05 00:00:00-05:00,172.86,175.08,172.3501,174.18,36101628.0
2019-02-06 00:00:00-05:00,174.65,175.57,172.8531,174.24,27989591.0
2019-02-07 00:00:00-05:00,172.4,173.94,170.34,170.94,31741690.0
2019-02-08 00:00:00-05:00,168.99,170.66,168.42,170.41,23819966.0
2019-02-11 00:00:00-05:00,171.05,171.21,169.25,169.43,20993425.0
2019-02-12 00:00:00-05:00,170.1,171.0,169.7,170.89,22283523.0
2019-02-13 00:00:00-05:00,171.39,172.48,169.92,170.18,22483733.0
2019-02-14 00:00:00-05:00,169.71,171.2615,169.38,170.8,21835747.0
2019-02-15 00:00:00-05:00,171.25,171.7,169.75,170.42,24626814.0
2019-02-19 00:00:00-05:00,169.71,171.44,169.49,170.93,18972826.0
2019-02-20 00:00:00-05:00,171.19,173.32,170.99,172.03,26114362.0
2019-02-21 00:00:00-05:00,171.8,172.37,170.3,171.06,17249670.0
2019-02-22 00:00:00-05:00,171.58,173.0,171.38,172.97,18913154.0
2019-02-25 00:00:00-05:00,174.16,175.87,173.95,174.23,21873358.0
2019-02-26 00:00:00-05:00,173.71,175.3,173.1732,174.33,17070211.0
2019-02-27 00:00:00-05:00,173.21,175.0,172.73,174.87,27835389.0
2019-02-28 00:00:00-05:00,174.32,174.91,172.92,173.15,28215416.0
2019-03-01 00:00:00-05:00,174.28,175.15,172.89,174.97,25886167.0
2019-03-04 00:00:00-05:00,175.69,177.75,173.97,175.85,27436203.0
2019-03-05 00:00:00-05:00,175.94,176.0,174.54,175.53,19737419.0
2019-03-06 00:00:00-05:00,174.67,175.49,173.94,174.52,20810384.0
2019-03-07 00:00:00-05:00,173.87,174.44,172.02,172.5,24796374.0
2019-03-08 00:00:00-05:00,170.32,173.07,169.5,172.91,23999358.0
2019-03-11 00:00:00-04:00,175.49,179.12,175.35,178.9,32011034.0
2019-03-12 00:00:00-04:00,180.0,182.67,179.37,180.91,32467584.0
2019-03-13 00:00:00-04:00,182.25,183.3,180.92,181.71,31032524.0
2019-03-14 00:00:00-04:00,183.9,184.1,182.56,183.73,23579508.0
2019-03-15 00:00:00-04:00,184.85,187.33,183.74,186.12,39042912.0
2019-03-18 00:00:00-04:00,185.8,188.39,185.79,188.02,26219832.0
2019-03-19 00:00:00-04:00,188.35,188.99,185.92,186.53,31646369.0
2019-03-20 00:00:00-04:00,186.23,189.49,184.73,188.16,31035231.0
2019-03-21 00:00:00-04:00,190.02,196.33,189.81,195.09,51034237.0
2019-03-22 00:00:00-04:00,195.34,197.69,190.78,191.05,42407666.0
2019-03-25 00:00:00-04:00,191.51,191.98,186.6,188.74,43845293.0
2019-03-26 00:00:00-04:00,191.664,192.88,184.58,186.79,49800538.0
2019-03-27 00:00:00-04:00,188.75,189.76,186.55,188.47,29848427.0
2019-03-28 00:00:00-04:00,188.95,189.559,187.53,188.72,20780363.0
2019-03-29 00:00:00-04:00,189.83,190.08,188.54,189.95,23563961.0
2019-04-01 00:00:00-04:00,191.64,191.68,188.38,191.24,27861964.0
2019-04-02 00:00:00-04:00,191.09,194.46,191.05,194.02,22765725.0
2019-04-03 00:00:00-04:00,193.25,196.5,193.15,195.35,23271830.0
2019-04-04 00:00:00-04:00,194.79,196.37,193.14,195.69,19107975.0
2019-04-05 00:00:00-04:00,196.45,197.1,195.93,197.0,18526644.0
2019-04-08 00:00:00-04:00,196.42,200.23,196.34,200.1,25843678.0
2019-04-09 00:00:00-04:00,200.32,202.85,199.23,199.5,35768237.0
2019-04-10 00:00:00-04:00,198.68,200.74,198.18,200.62,21695288.0
2019-04-11 00:00:00-04:00,200.85,201.0,198.4431,198.95,20895528.0
2019-04-12 00:00:00-04:00,199.2,200.14,196.21,198.87,27664668.0
2019-04-15 00:00:00-04:00,198.58,199.85,198.01,199.23,17534246.0
2019-04-16 00:00:00-04:00,199.46,201.37,198.56,199.25,25696385.0
2019-04-17 00:00:00-04:00,199.54,203.38,198.61,203.13,28406780.0
2019-04-18 00:00:00-04:00,203.12,204.15,202.52,203.86,24195766.0
2019-04-22 00:00:00-04:00,202.83,204.94,202.34,204.53,19439545.0
2019-04-23 00:00:00-04:00,204.43,207.75,203.9,207.48,23322991.0
2019-04-24 00:00:00-04:00,207.36,208.48,207.05,207.16,17540609.0
2019-04-25 00:00:00-04:00,206.83,207.76,205.12,205.28,18543206.0
2019-04-26 00:00:00-04:00,204.9,205.0,202.12,204.3,18649102.0
2019-04-29 00:00:00-04:00,204.4,205.97,203.86,204.61,22204716.0
2019-04-30 00:00:00-04:00,203.06,203.4,199.11,200.67,46506876.0
2019-05-01 00:00:00-04:00,209.88,215.31,209.23,210.52,64827328.0
2019-05-02 00:00:00-04:00,209.84,212.65,208.13,209.15,31996324.0
2019-05-03 00:00:00-04:00,210.89,211.84,210.23,211.75,20892378.0
2019-05-06 00:00:00-04:00,204.29,208.84,203.5,208.48,32443113.0
2019-05-07 00:00:00-04:00,205.88,207.4175,200.825,202.86,38763698.0
2019-05-08 00:00:00-04:00,201.9,205.34,201.75,202.9,26339504.0
2019-05-09 00:00:00-04:00,200.4,201.68,196.66,200.72,34908607.0
2019-05-10 00:00:00-04:00,197.419,198.85,192.77,197.18,41208712.0
2019-05-13 00:00:00-04:00,187.71,189.48,182.85,185.72,57430623.0
2019-05-14 00:00:00-04:00,186.41,189.7,185.41,188.66,36529677.0
2019-05-15 00:00:00-04:00,186.27,191.75,186.02,190.92,26544718.0
2019-05-16 00:00:00-04:00,189.91,192.4689,188.84,190.08,32941364.0
2019-05-17 00:00:00-04:00,186.93,190.9,186.76,189.0,32868215.0
2019-05-20 00:00:00-04:00,183.52,184.349,180.2839,183.09,38583440.0
2019-05-21 00:00:00-04:00,185.22,188.0,184.7,186.6,28364848.0
2019-05-22 00:00:00-04:00,184.66,185.71,182.55,182.78,29738963.0
2019-05-23 00:00:00-04:00,179.8,180.54,177.81,179.66,36429736.0
2019-05-24 00:00:00-04:00,180.2,182.14,178.62,178.97,23714686.0
2019-05-28 00:00:00-04:00,178.92,180.59,177.91,178.23,27948160.0
2019-05-29 00:00:00-04:00,176.42,179.35,176.0,177.38,28481165.0
2019-05-30 00:00:00-04:00,177.95,179.23,176.67,178.3,20988412.0
2019-05-31 00:00:00-04:00,176.23,177.99,174.99,175.07,27043584.0
2019-06-03 00:00:00-04:00,175.6,177.92,170.27,173.3,40396069.0
2019-06-04 00:00:00-04:00,175.44,179.83,174.52,179.64,30967961.0
2019-06-05 00:00:00-04:00,184.28,184.99,181.14,182.54,29773427.0
2019-06-06 00:00:00-04:00,183.08,185.47,182.1489,185.22,22526311.0
2019-06-07 00:00:00-04:00,186.51,191.92,185.77,190.15,30684393.0
2019-06-10 00:00:00-04:00,191.81,195.37,191.62,192.58,26220851.0
2019-06-11 00:00:00-04:00,194.86,196.0,193.6,194.81,26932882.0
2019-06-12 00:00:00-04:00,193.95,195.97,193.385,194.19,18253189.0
2019-06-13 00:00:00-04:00,194.7,196.79,193.6,194.15,21649624.0
2019-06-14 00:00:00-04:00,191.545,193.5863,190.3,192.74,18761474.0
2019-06-17 00:00:00-04:00,192.9,194.96,192.17,193.89,14669144.0
2019-06-18 00:00:00-04:00,196.05,200.29,195.21,198.45,26551004.0
2019-06-19 00:00:00-04:00,199.68,199.88,197.31,197.87,21124235.0
2019-06-20 00:00:00-04:00,200.37,200.61,198.03,199.46,21468988.0
2019-06-21 00:00:00-04:00,198.8,200.85,198.15,198.78,47800589.0
2019-06-24 00:00:00-04:00,198.54,200.16,198.17,198.58,18219921.0
2019-06-25 00:00:00-04:00,198.43,199.26,195.29,195.57,20060334.0
2019-06-26 00:00:00-04:00,197.77,200.99,197.35,199.8,26067512.0
2019-06-27 00:00:00-04:00,200.29,201.57,199.57,199.74,20899717.0
2019-06-28 00:00:00-04:00,198.68,199.495,197.05,197.92,31110642.0
2019-07-01 00:00:00-04:00,203.17,204.49,200.65,201.55,27316739.0
2019-07-02 00:00:00-04:00,201.41,203.1323,201.36,202.73,16935217.0
2019-07-03 00:00:00-04:00,203.28,204.44,202.6901,204.41,11362045.0
2019-07-05 00:00:00-04:00,203.35,205.08,202.9,204.23,17265518.0
2019-07-08 00:00:00-04:00,200.81,201.4,198.41,200.02,25338628.0
2019-07-09 00:00:00-04:00,199.2,201.51,198.81,201.24,20578015.0
2019-07-10 00:00:00-04:00,201.85,203.73,201.56,203.23,17897138.0
2019-07-11 00:00:00-04:00,203.31,204.39,201.71,201.75,20191692.0
2019-07-12 00:00:00-04:00,202.45,204.0,202.2,203.3,17595212.0
2019-07-15 00:00:00-04:00,204.09,205.87,204.0,205.21,16947420.0
2019-07-16 00:00:00-04:00,204.59,206.11,203.5,204.5,16866816.0
2019-07-17 00:00:00-04:00,204.05,205.0915,203.27,203.35,14107450.0
2019-07-18 00:00:00-04:00,204.0,205.88,203.7,205.66,18582161.0
2019-07-19 00:00:00-04:00,205.79,206.5,202.36,202.59,20929307.0
2019-07-22 00:00:00-04:00,203.65,207.23,203.61,207.22,22277865.0
2019-07-23 00:00:00-04:00,208.46,208.91,207.29,208.84,18355210.0
2019-07-24 00:00:00-04:00,207.67,209.15,207.17,208.67,14991567.0
2019-07-25 00:00:00-04:00,208.89,209.24,206.73,207.02,13909562.0
2019-07-26 00:00:00-04:00,207.48,209.73,207.14,207.74,17453874.0
2019-07-29 00:00:00-04:00,208.46,210.64,208.44,209.68,21673389.0
2019-07-30 00:00:00-04:00,208.76,210.16,207.31,208.78,33935718.0
2019-07-31 00:00:00-04:00,216.42,221.37,211.3,213.04,69281361.0
2019-08-01 00:00:00-04:00,213.9,218.03,206.7435,208.43,54017912.0
2019-08-02 00:00:00-04:00,205.53,206.43,201.63,204.02,40862122.0
2019-08-05 00:00:00-04:00,197.99,198.649,192.58,193.34,52392969.0
2019-08-06 00:00:00-04:00,196.31,198.067,194.04,197.0,35824787.0
2019-08-07 00:00:00-04:00,195.41,199.56,193.82,199.04,33364400.0
2019-08-08 00:00:00-04:00,200.2,203.53,199.39,203.43,27009523.0
2019-08-09 00:00:00-04:00,201.3,202.76,199.29,200.99,24619746.0
2019-08-12 00:00:00-04:00,199.62,202.0516,199.15,200.48,22481889.0
2019-08-13 00:00:00-04:00,201.02,212.14,200.83,208.97,47539786.0
2019-08-14 00:00:00-04:00,203.16,206.44,202.5869,202.75,36547443.0
2019-08-15 00:00:00-04:00,203.46,205.14,199.67,201.74,27883363.0
2019-08-16 00:00:00-04:00,204.28,207.16,203.84,206.5,28813624.0
2019-08-19 00:00:00-04:00,210.62,212.7307,210.025,210.35,24431915.0
2019-08-20 00:00:00-04:00,210.88,213.35,210.32,210.36,26919529.0
2019-08-21 00:00:00-04:00,212.99,213.65,211.6032,212.64,21564747.0
2019-08-22 00:00:00-04:00,213.19,214.435,210.75,212.46,22267819.0
2019-08-23 00:00:00-04:00,209.43,212.051,201.0,202.64,46869843.0
2019-08-26 00:00:00-04:00,205.86,207.19,205.0573,206.49,26066130.0
2019-08-27 00:00:00-04:00,207.86,208.55,203.53,204.16,25897344.0
2019-08-28 00:00:00-04:00,204.1,205.72,203.32,205.53,15891632.0
2019-08-29 00:00:00-04:00,208.5,209.32,206.655,209.01,21007652.0
2019-08-30 00:00:00-04:00,210.16,210.45,207.2,208.74,21108561.0
2019-09-03 00:00:00-04:00,206.43,206.98,204.22,205.7,20059574.0
2019-09-04 00:00:00-04:00,208.39,209.48,207.32,209.19,19216820.0
2019-09-05 00:00:00-04:00,212.0,213.97,211.51,213.28,23946984.0
2019-09-06 00:00:00-04:00,214.05,214.42,212.51,213.26,19362294.0
2019-09-09 00:00:00-04:00,214.84,216.44,211.07,214.17,27309401.0
2019-09-10 00:00:00-04:00,213.86,216.78,211.71,216.7,31777931.0
2019-09-11 00:00:00-04:00,218.07,223.71,217.73,223.59,44289646.0
2019-09-12 00:00:00-04:00,224.8,226.42,222.86,223.085,32226669.0
2019-09-13 00:00:00-04:00,220.0,220.79,217.02,218.75,39763296.0
2019-09-16 00:00:00-04:00,217.73,220.13,217.56,219.9,21158141.0
2019-09-17 00:00:00-04:00,219.96,220.82,219.12,220.7,18386468.0
2019-09-18 00:00:00-04:00,221.06,222.85,219.44,222.77,25643093.0
2019-09-19 00:00:00-04:00,222.01,223.76,220.37,220.96,22187876.0
2019-09-20 00:00:00-04:00,221.38,222.56,217.473,217.73,57877694.0
2019-09-23 00:00:00-04:00,218.95,219.84,217.65,218.72,19419648.0
2019-09-24 00:00:00-04:00,221.03,222.49,217.19,217.68,31434367.0
2019-09-25 00:00:00-04:00,218.55,221.5,217.1402,221.03,22481006.0
2019-09-26 00:00:00-04:00,220.0,220.94,218.83,219.89,19088312.0
2019-09-27 00:00:00-04:00,220.54,220.96,217.2814,218.82,25361285.0
2019-09-30 00:00:00-04:00,220.9,224.58,220.79,223.97,26318583.0
2019-10-01 00:00:00-04:00,225.07,228.22,224.2,224.59,36187163.0
2019-10-02 00:00:00-04:00,223.06,223.58,217.93,218.96,35767257.0
2019-10-03 00:00:00-04:00,218.43,220.96,215.132,220.82,30352686.0
2019-10-04 00:00:00-04:00,225.64,227.49,223.89,227.01,34640553.0
2019-10-07 00:00:00-04:00,226.27,229.93,225.84,227.06,30889269.0
2019-10-08 00:00:00-04:00,225.82,228.06,224.33,224.4,29282700.0
2019-10-09 00:00:00-04:00,227.03,227.79,225.64,227.03,19029424.0
2019-10-10 00:00:00-04:00,227.93,230.44,227.3,230.09,28962984.0
2019-10-11 00:00:00-04:00,232.95,237.64,232.3075,236.21,41989370.0
2019-10-14 00:00:00-04:00,234.9,238.1342,234.6701,235.87,24413484.0
2019-10-15 00:00:00-04:00,236.39,237.65,234.88,235.32,23040483.0
2019-10-16 00:00:00-04:00,233.37,235.24,233.2,234.37,19286694.0
2019-10-17 00:00:00-04:00,235.09,236.15,233.52,235.28,17272897.0
2019-10-18 00:00:00-04:00,234.59,237.58,234.29,236.41,24377166.0
2019-10-21 00:00:00-04:00,237.52,240.99,237.32,240.51,22367483.0
2019-10-22 00:00:00-04:00,241.16,242.2,239.6218,239.96,22684001.0
2019-10-23 00:00:00-04:00,242.1,243.24,241.22,243.18,19932545.0
2019-10-24 00:00:00-04:00,244.51,244.8,241.805,243.58,17916255.0
2019-10-25 00:00:00-04:00,243.16,246.73,242.88,246.58,18369296.0
2019-10-28 00:00:00-04:00,247.42,249.25,246.72,249.05,24143241.0
2019-10-29 00:00:00-04:00,248.97,249.75,242.57,243.29,35701707.0
2019-10-30 00:00:00-04:00,244.76,245.3,241.21,243.26,31084922.0
2019-10-31 00:00:00-04:00,247.24,249.17,237.26,248.76,34790520.0
2019-11-01 00:00:00-04:00,249.54,255.93,249.16,255.82,37781334.0
2019-11-04 00:00:00-05:00,257.33,257.845,255.38,257.5,25817952.0
2019-11-05 00:00:00-05:00,257.05,258.19,256.32,257.13,19974427.0
2019-11-06 00:00:00-05:00,256.77,257.49,255.365,257.24,18966124.0
2019-11-07 00:00:00-05:00,258.74,260.35,258.11,259.43,23735083.0
2019-11-08 00:00:00-05:00,258.69,260.44,256.85,260.14,17516595.0
2019-11-11 00:00:00-05:00,258.3,262.47,258.28,262.2,20507459.0
2019-11-12 00:00:00-05:00,261.55,262.79,260.92,261.96,21847226.0
2019-11-13 00:00:00-05:00,261.13,264.78,261.07,264.47,25814843.0
2019-11-14 00:00:00-05:00,263.75,264.88,262.1,262.64,22395556.0
2019-11-15 00:00:00-05:00,263.68,265.78,263.01,265.76,25093666.0
2019-11-18 00:00:00-05:00,265.8,267.43,264.23,267.1,21700897.0
2019-11-19 00:00:00-05:00,267.9,268.0,265.3926,266.29,19069597.0
2019-11-20 00:00:00-05:00,265.54,266.083,260.4,263.19,26593419.0
2019-11-21 00:00:00-05:00,263.69,264.005,261.18,262.01,29998778.0
2019-11-22 00:00:00-05:00,262.59,263.18,260.84,261.78,16331263.0
2019-11-25 00:00:00-05:00,262.71,266.44,262.52,266.37,21029517.0
2019-11-26 00:00:00-05:00,266.94,267.16,262.5,264.29,26334882.0
2019-11-27 00:00:00-05:00,265.58,267.98,265.31,267.84,16386122.0
2019-11-29 00:00:00-05:00,266.6,268.0,265.9,267.25,11654363.0
2019-12-02 00:00:00-05:00,267.27,268.25,263.45,264.16,23637450.0
2019-12-03 00:00:00-05:00,258.31,259.53,256.29,259.45,29377268.0
2019-12-04 00:00:00-05:00,261.07,263.31,260.68,261.74,16810388.0
2019-12-05 00:00:00-05:00,263.79,265.89,262.73,265.58,18661343.0
2019-12-06 00:00:00-05:00,267.48,271.0,267.3,270.71,26547493.0
2019-12-09 00:00:00-05:00,270.0,270.8,264.91,266.92,32182645.0
2019-12-10 00:00:00-05:00,268.6,270.07,265.86,268.48,22632383.0
2019-12-11 00:00:00-05:00,268.81,271.1,268.5,270.77,19723391.0
2019-12-12 00:00:00-05:00,267.78,272.5599,267.321,271.46,34437042.0
2019-12-13 00:00:00-05:00,271.46,275.3,270.93,275.15,33432806.0
2019-12-16 00:00:00-05:00,277.0,280.79,276.98,279.86,32079730.0
2019-12-17 00:00:00-05:00,279.57,281.77,278.8,280.41,28411298.0
2019-12-18 00:00:00-05:00,279.8,281.9,279.12,279.74,29023487.0
2019-12-19 00:00:00-05:00,279.5,281.18,278.95,280.02,24626947.0
2019-12-20 00:00:00-05:00,282.23,282.65,278.56,279.44,69032743.0
2019-12-23 00:00:00-05:00,280.53,284.25,280.3735,284.0,24566483.0
2019-12-24 00:00:00-05:00,284.69,284.89,282.9197,284.27,12119714.0
2019-12-26 00:00:00-05:00,284.82,289.98,284.7,289.91,23334004.0
2019-12-27 00:00:00-05:00,291.12,293.97,288.12,289.8,36592936.0
2019-12-30 00:00:00-05:00,289.46,292.69,285.22,291.52,36059614.0
2019-12-31 00:00:00-05:00,289.93,293.68,289.52,293.65,25247625.0
2020-01-02 00:00:00-05:00,296.24,300.6,295.19,300.35,33911864.0
2020-01-03 00:00:00-05:00,297.15,300.58,296.5,297.43,36633878.0
2020-01-06 00:00:00-05:00,293.79,299.96,292.7501,299.8,29629644.0
2020-01-07 00:00:00-05:00,299.84,300.9,297.48,298.39,27877655.0
2020-01-08 00:00:00-05:00,297.16,304.4399,297.156,303.19,33090946.0
2020-01-09 00:00:00-05:00,307.235,310.43,306.2,309.63,42621542.0
2020-01-10 00:00:00-05:00,310.6,312.67,308.25,310.33,35217272.0
2020-01-13 00:00:00-05:00,311.64,317.07,311.15,316.96,30521722.0
2020-01-14 00:00:00-05:00,316.7,317.57,312.17,312.68,40653457.0
2020-01-15 00:00:00-05:00,311.85,315.5,309.55,311.34,30480882.0
2020-01-16 00:00:00-05:00,313.59,315.7,312.09,315.24,26767254.0
2020-01-17 00:00:00-05:00,316.27,318.74,315.0,318.73,34454117.0
2020-01-21 00:00:00-05:00,317.19,319.02,316.0,316.57,27660814.0
2020-01-22 00:00:00-05:00,318.58,319.99,317.31,317.7,25458115.0
2020-01-23 00:00:00-05:00,317.92,319.56,315.65,319.23,26117993.0
2020-01-24 00:00:00-05:00,320.25,323.33,317.5188,318.31,36634380.0
2020-01-27 00:00:00-05:00,310.06,311.77,304.88,308.95,40477005.0
2020-01-28 00:00:00-05:00,312.6,318.4,312.19,317.69,40558486.0
2020-01-29 00:00:00-05:00,324.45,327.85,321.38,324.34,54149905.0
2020-01-30 00:00:00-05:00,320.5435,324.09,318.75,323.87,31637808.0
2020-01-31 00:00:00-05:00,320.93,322.68,308.29,309.51,49897096.0
2020-02-03 00:00:00-05:00,304.3,313.49,302.22,308.66,43496401.0
2020-02-04 00:00:00-05:00,315.31,319.64,313.6345,318.85,34154134.0
2020-02-05 00:00:00-05:00,323.52,324.76,318.95,321.45,29686718.0
2020-02-06 00:00:00-05:00,322.57,325.22,320.2648,325.21,26348035.0
2020-02-07 00:00:00-05:00,322.37,323.4,318.0,320.03,29421012.0
2020-02-10 00:00:00-05:00,314.18,321.55,313.85,321.55,27336715.0
2020-02-11 00:00:00-05:00,323.6,323.9,318.71,319.61,23580780.0
2020-02-12 00:00:00-05:00,321.47,327.22,321.47,327.2,28432573.0
2020-02-13 00:00:00-05:00,324.19,326.22,323.35,324.87,23612878.0
2020-02-14 00:00:00-05:00,324.74,325.98,322.85,324.95,20028447.0
2020-02-18 00:00:00-05:00,315.36,319.75,314.61,319.0,38190545.0
2020-02-19 00:00:00-05:00,320.0,324.57,320.0,323.62,23495991.0
2020-02-20 00:00:00-05:00,322.63,324.65,318.21,320.3,25141489.0
2020-02-21 00:00:00-05:00,318.62,320.45,310.5,313.05,32426415.0
2020-02-24 00:00:00-05:00,297.26,304.18,289.23,298.18,55537328.0
2020-02-25 00:00:00-05:00,300.95,302.53,286.13,288.08,57655864.0
2020-02-26 00:00:00-05:00,286.53,297.88,286.5,292.65,49538431.0
2020-02-27 00:00:00-05:00,281.1,286.0,272.96,273.52,79651381.0
2020-02-28 00:00:00-05:00,257.26,278.41,256.37,273.36,106721230.0
2020-03-02 00:00:00-05:00,282.28,301.44,277.72,298.81,85332339.0
2020-03-03 00:00:00-05:00,303.67,304.0,285.8,289.32,79868552.0
2020-03-04 00:00:00-05:00,296.44,303.4,293.13,302.74,54794568.0
2020-03-05 00:00:00-05:00,295.52,299.55,291.41,292.92,46893219.0
2020-03-06 00:00:00-05:00,282.0,290.82,281.23,289.03,56544246.0
2020-03-09 00:00:00-04:00,263.75,278.09,263.0,266.17,71686208.0
2020-03-10 00:00:00-04:00,277.14,286.44,269.37,285.34,71322520.0
2020-03-11 00:00:00-04:00,277.39,281.22,271.86,275.43,64094970.0
2020-03-12 00:00:00-04:00,255.94,270.0,248.0,248.23,104618517.0
2020-03-13 00:00:00-04:00,264.89,279.92,252.95,277.97,92183032.0
2020-03-16 00:00:00-04:00,241.95,259.08,240.0,242.21,80605865.0
2020-03-17 00:00:00-04:00,247.51,257.61,238.4,252.86,80963965.0
2020-03-18 00:00:00-04:00,239.77,250.0,237.12,246.67,75058406.0
2020-03-19 00:00:00-04:00,247.385,252.84,242.61,244.78,67964255.0
2020-03-20 00:00:00-04:00,247.18,251.83,228.0,229.24,100423346.0
2020-03-23 00:00:00-04:00,228.08,228.4997,212.61,224.37,84188208.0
2020-03-24 00:00:00-04:00,236.36,247.69,234.3,246.88,71882773.0
2020-03-25 00:00:00-04:00,250.75,258.25,244.3,245.52,75900510.0
2020-03-26 00:00:00-04:00,246.52,258.68,246.36,258.44,63140149.0
2020-03-27 00:00:00-04:00,252.75,255.87,247.05,247.74,51054153.0
2020-03-30 00:00:00-04:00,250.74,255.52,249.4,254.81,41994110.0
2020-03-31 00:00:00-04:00,255.6,262.49,252.0,254.29,49250501.0
2020-04-01 00:00:00-04:00,246.5,248.72,239.13,240.91,44011638.0
2020-04-02 00:00:00-04:00,240.34,245.15,236.9,244.93,41483493.0
2020-04-03 00:00:00-04:00,242.8,245.7,238.9741,241.41,32470017.0
2020-04-06 00:00:00-04:00,250.9,263.11,249.38,262.47,55144805.0
2020-04-07 00:00:00-04:00,270.8,271.7,259.0,259.43,53628585.0
2020-04-08 00:00:00-04:00,262.74,267.37,261.23,266.07,45178602.0
2020-04-09 00:00:00-04:00,268.7,270.07,264.7,267.99,42490345.0
2020-04-13 00:00:00-04:00,268.31,273.7,265.83,273.25,34454566.0
2020-04-14 00:00:00-04:00,280.0,288.25,278.05,287.05,104648013.0
2020-04-15 00:00:00-04:00,282.4,286.33,280.63,284.43,65560864.0
2020-04-16 00:00:00-04:00,287.38,288.1975,282.3502,286.69,117511702.0
2020-04-17 00:00:00-04:00,284.69,286.945,276.86,282.8,214163291.0
2020-04-20 00:00:00-04:00,277.95,281.68,276.85,276.93,97367602.0
2020-04-21 00:00:00-04:00,276.28,277.25,265.43,268.37,135415700.0
2020-04-22 00:00:00-04:00,273.61,277.9,272.2,276.1,116847908.0
2020-04-23 00:00:00-04:00,275.87,281.75,274.87,275.03,62320308.0
2020-04-24 00:00:00-04:00,277.2,283.01,277.0,282.97,94250676.0
2020-04-27 00:00:00-04:00,281.8,284.54,279.95,283.17,58372461.0
2020-04-28 00:00:00-04:00,285.08,285.83,278.2,278.58,27855508.0
2020-04-29 00:00:00-04:00,284.73,289.67,283.89,287.73,68585892.0
2020-04-30 00:00:00-04:00,289.96,294.53,288.35,293.8,45755041.0
2020-05-01 00:00:00-04:00,286.25,299.0,285.85,289.07,120340367.0
2020-05-04 00:00:00-04:00,289.17,293.69,286.3172,293.16,33428018.0
2020-05-05 00:00:00-04:00,295.06,301.0,294.46,297.56,73611599.0
2020-05-06 00:00:00-04:00,300.46,303.24,298.87,300.63,35570619.0
2020-05-07 00:00:00-04:00,303.22,305.17,301.97,303.74,57489172.0
2020-05-08 00:00:00-04:00,305.64,310.29,304.29,310.13,33464739.0
2020-05-11 00:00:00-04:00,308.1,317.05,307.24,315.01,36484035.0
2020-05-12 00:00:00-04:00,317.83,319.688,310.91,311.41,81039280.0
2020-05-13 00:00:00-04:00,312.15,315.95,303.21,307.65,50128059.0
2020-05-14 00:00:00-04:00,304.51,309.79,301.53,309.54,39716793.0
2020-05-15 00:00:00-04:00,300.35,307.9,300.21,307.71,42120070.0
2020-05-18 00:00:00-04:00,313.17,316.5,310.3241,314.96,67570871.0
2020-05-19 00:00:00-04:00,315.03,318.52,313.01,313.14,25411335.0
2020-05-20 00:00:00-04:00,316.68,319.52,316.2,319.23,55430633.0
2020-05-21 00:00:00-04:00,318.66,320.89,315.87,316.85,51109156.0
2020-05-22 00:00:00-04:00,315.77,319.23,315.35,318.89,40851983.0
2020-05-26 00:00:00-04:00,323.5,324.24,316.5,316.73,31586805.0
2020-05-27 00:00:00-04:00,316.14,318.71,313.09,318.11,28363861.0
2020-05-28 00:00:00-04:00,316.77,323.44,315.63,318.25,33682271.0
2020-05-29 00:00:00-04:00,319.25,321.15,316.47,317.94,38670679.0
